timestamp,crane_id,fault_name,event_type,downtime_s,was_reset_pressed
2026-02-24 15:42:15,ARMGC_213,SPSS_Trolley_Dir_Not_Clear,Occurrence,0,Not Pressed
2026-02-24 15:42:18,ARMGC_213,SPSS_Trolley_Dir_Not_Clear,Resolved,3.1,Not Pressed
2026-02-24 15:44:57,ARMGC_216,SPSS_Trolley_Dir_Not_Clear,Occurrence,0,Not Pressed
2026-02-24 15:45:55,ARMGC_216,SPSS_Trolley_Dir_Not_Clear,Resolved,57.4,Not Pressed
2026-02-24 15:48:23,ARMGC_216,SPSS_Trolley_Dir_Not_Clear,Occurrence,0,Not Pressed
2026-02-24 15:48:32,ARMGC_216,SPSS_Trolley_Dir_Not_Clear,Resolved,9.1,Not Pressed
2026-02-24 15:48:35,ARMGC_216,SPSS_Trolley_Dir_Not_Clear,Occurrence,0,Not Pressed
2026-02-24 15:48:38,ARMGC_216,SPSS_Trolley_Dir_Not_Clear,Resolved,3.2,Not Pressed
2026-02-24 15:49:08,ARMGC_214,SPSS_Trolley_Dir_Not_Clear,Occurrence,0,Not Pressed
2026-02-24 15:50:51,ARMGC_214,SPSS_Trolley_Dir_Not_Clear,Resolved,102.6,Not Pressed
2026-02-24 15:50:51,ARMGC_216,SPSS_Trolley_Dir_Not_Clear,Occurrence,0,Not Pressed
2026-02-24 15:50:54,ARMGC_216,SPSS_Trolley_Dir_Not_Clear,Resolved,3.3,Not Pressed
2026-02-24 15:54:44,ARMGC_215,SPSS_Trolley_Dir_Not_Clear,Occurrence,0,Not Pressed
2026-02-24 15:54:53,ARMGC_215,SPSS_Trolley_Dir_Not_Clear,Resolved,9.1,Not Pressed
2026-02-24 15:55:08,ARMGC_213,SPSS_Trolley_Dir_Not_Clear,Occurrence,0,Not Pressed
2026-02-24 15:55:35,ARMGC_216,SPSS_Trolley_Dir_Not_Clear,Occurrence,0,Not Pressed
2026-02-24 15:55:44,ARMGC_213,SPSS_Trolley_Dir_Not_Clear,Resolved,36.2,Not Pressed
2026-02-24 15:55:51,ARMGC_216,SPSS_Trolley_Dir_Not_Clear,Resolved,15.1,Not Pressed
2026-02-24 15:57:09,ARMGC_211,SPSS_Trolley_Dir_Not_Clear,Occurrence,0,Not Pressed
2026-02-24 15:57:12,ARMGC_211,SPSS_Trolley_Dir_Not_Clear,Resolved,3.1,Not Pressed
2026-02-24 15:57:15,ARMGC_211,SPSS_Trolley_Dir_Not_Clear,Occurrence,0,Not Pressed
2026-02-24 15:57:18,ARMGC_211,SPSS_Trolley_Dir_Not_Clear,Resolved,3.1,Not Pressed
2026-02-24 15:57:21,ARMGC_211,SPSS_Trolley_Dir_Not_Clear,Occurrence,0,Not Pressed
2026-02-24 15:57:28,ARMGC_211,SPSS_Trolley_Dir_Not_Clear,Resolved,6.1,Not Pressed
2026-02-24 15:58:33,ARMGC_213,SPSS_Trolley_Dir_Not_Clear,Occurrence,0,Not Pressed
2026-02-24 15:58:39,ARMGC_213,SPSS_Trolley_Dir_Not_Clear,Resolved,6.1,Not Pressed
2026-02-24 16:00:24,ARMGC_215,SPSS_Trolley_Dir_Not_Clear,Occurrence,0,Not Pressed
2026-02-24 16:00:54,ARMGC_215,SPSS_Trolley_Dir_Not_Clear,Resolved,30.2,Not Pressed
2026-02-24 16:00:57,ARMGC_215,SPSS_Trolley_Dir_Not_Clear,Occurrence,0,Not Pressed
2026-02-24 16:01:00,ARMGC_215,SPSS_Trolley_Dir_Not_Clear,Resolved,3.1,Not Pressed
2026-02-24 16:01:43,ARMGC_216,SPSS_Trolley_Dir_Not_Clear,Occurrence,0,Not Pressed
2026-02-24 16:02:04,ARMGC_216,SPSS_Trolley_Dir_Not_Clear,Resolved,21.1,Not Pressed
2026-02-24 16:02:46,ARMGC_213,SPSS_Trolley_Dir_Not_Clear,Occurrence,0,Not Pressed
2026-02-24 16:02:49,ARMGC_213,SPSS_Trolley_Dir_Not_Clear,Resolved,3.1,Not Pressed
2026-02-24 16:02:52,ARMGC_213,SPSS_Trolley_Dir_Not_Clear,Occurrence,0,Not Pressed
2026-02-24 16:02:55,ARMGC_213,SPSS_Trolley_Dir_Not_Clear,Resolved,3.1,Not Pressed
2026-02-24 16:03:10,ARMGC_216,SPSS_Trolley_Dir_Not_Clear,Occurrence,0,Not Pressed
2026-02-24 16:03:34,ARMGC_216,SPSS_Trolley_Dir_Not_Clear,Resolved,24.2,Not Pressed
2026-02-24 16:05:39,ARMGC_211,SPSS_Trolley_Dir_Not_Clear,Occurrence,0,Not Pressed
2026-02-24 16:05:54,ARMGC_211,SPSS_Trolley_Dir_Not_Clear,Resolved,15.1,Not Pressed
2026-02-24 16:08:42,ARMGC_214,SPSS_Trolley_Dir_Not_Clear,Occurrence,0,Not Pressed
2026-02-24 16:08:51,ARMGC_214,SPSS_Trolley_Dir_Not_Clear,Resolved,9.2,Not Pressed
2026-02-24 16:09:00,ARMGC_214,SPSS_Trolley_Dir_Not_Clear,Occurrence,0,Not Pressed
2026-02-24 16:09:07,ARMGC_214,SPSS_Trolley_Dir_Not_Clear,Resolved,6.3,Not Pressed
2026-02-24 16:12:16,ARMGC_213,SPSS_Trolley_Dir_Not_Clear,Occurrence,0,Not Pressed
2026-02-24 16:12:22,ARMGC_214,Spreader_Land_Fault_XT,Occurrence,0,Not Pressed
2026-02-24 16:12:24,ARMGC_214,Spreader_Land_Fault_XT,Occurrence,0,Not Pressed
2026-02-24 16:12:34,ARMGC_213,SPSS_Trolley_Dir_Not_Clear,Resolved,18.1,Not Pressed
2026-02-24 16:12:36,ARMGC_214,Spreader_Land_Fault_XT,Resolved,12.1,Not Pressed
2026-02-24 16:12:38,ARMGC_214,Spreader_Land_Fault_XT,Resolved,15.1,Not Pressed
2026-02-24 16:14:35,ARMGC_213,SPSS_Trolley_Dir_Not_Clear,Occurrence,0,Not Pressed
2026-02-24 16:14:41,ARMGC_213,SPSS_Trolley_Dir_Not_Clear,Resolved,6.1,Not Pressed
2026-02-24 16:14:41,ARMGC_214,SPSS_Trolley_Dir_Not_Clear,Occurrence,0,Not Pressed
2026-02-24 16:14:44,ARMGC_213,SPSS_Trolley_Dir_Not_Clear,Occurrence,0,Not Pressed
2026-02-24 16:14:53,ARMGC_214,SPSS_Trolley_Dir_Not_Clear,Resolved,12.1,Not Pressed
2026-02-24 16:15:08,ARMGC_213,SPSS_Trolley_Dir_Not_Clear,Resolved,24.1,Not Pressed
2026-02-24 16:16:40,ARMGC_246,Spreader_Land_Fault_XT,Occurrence,0,Not Pressed
2026-02-24 16:17:11,ARMGC_246,Spreader_Land_Fault_XT,Resolved,31.4,Not Pressed
2026-02-24 16:17:30,ARMGC_215,SPSS_Trolley_Dir_Not_Clear,Occurrence,0,Not Pressed
2026-02-24 16:18:12,ARMGC_215,SPSS_Trolley_Dir_Not_Clear,Resolved,42.3,Not Pressed
2026-02-24 16:18:18,ARMGC_215,SPSS_Trolley_Dir_Not_Clear,Occurrence,0,Not Pressed
2026-02-24 16:18:21,ARMGC_215,SPSS_Trolley_Dir_Not_Clear,Resolved,3.1,Not Pressed
2026-02-24 16:19:51,ARMGC_214,SPSS_Trolley_Dir_Not_Clear,Occurrence,0,Not Pressed
2026-02-24 16:20:07,ARMGC_214,SPSS_Trolley_Dir_Not_Clear,Resolved,15.1,Not Pressed
2026-02-24 16:20:25,ARMGC_214,SPSS_Trolley_Dir_Not_Clear,Occurrence,0,Not Pressed
2026-02-24 16:20:34,ARMGC_214,SPSS_Trolley_Dir_Not_Clear,Resolved,9.1,Not Pressed
2026-02-24 16:22:55,ARMGC_214,SPSS_Trolley_Dir_Not_Clear,Occurrence,0,Not Pressed
2026-02-24 16:23:07,ARMGC_214,SPSS_Trolley_Dir_Not_Clear,Resolved,12.1,Not Pressed
2026-02-24 16:29:03,ARMGC_213,SPSS_Trolley_Dir_Not_Clear,Occurrence,0,Not Pressed
2026-02-24 16:29:06,ARMGC_213,SPSS_Trolley_Dir_Not_Clear,Resolved,3.0,Not Pressed
2026-02-24 16:36:22,ARMGC_213,SPSS_Trolley_Dir_Not_Clear,Occurrence,0,Not Pressed
2026-02-24 16:36:25,ARMGC_213,SPSS_Trolley_Dir_Not_Clear,Resolved,3.0,Not Pressed
2026-02-24 16:37:49,ARMGC_213,SPSS_Trolley_Dir_Not_Clear,Occurrence,0,Not Pressed
2026-02-24 16:37:58,ARMGC_213,SPSS_Trolley_Dir_Not_Clear,Resolved,9.1,Not Pressed
2026-02-24 16:40:56,ARMGC_213,SPSS_Trolley_Dir_Not_Clear,Occurrence,0,Not Pressed
2026-02-24 16:41:02,ARMGC_213,SPSS_Trolley_Dir_Not_Clear,Resolved,6.1,Not Pressed
2026-02-24 16:49:04,ARMGC_213,SPSS_Trolley_Dir_Not_Clear,Occurrence,0,Not Pressed
2026-02-24 16:49:13,ARMGC_213,SPSS_Trolley_Dir_Not_Clear,Resolved,9.0,Not Pressed
2026-02-24 16:49:22,ARMGC_213,SPSS_Trolley_Dir_Not_Clear,Occurrence,0,Not Pressed
2026-02-24 16:49:58,ARMGC_213,SPSS_Trolley_Dir_Not_Clear,Resolved,36.2,Not Pressed
2026-02-24 16:50:40,ARMGC_211,SPSS_Trolley_Dir_Not_Clear,Occurrence,0,Not Pressed
2026-02-24 16:50:49,ARMGC_211,SPSS_Trolley_Dir_Not_Clear,Resolved,9.1,Not Pressed
2026-02-24 16:57:07,ARMGC_215,Spreader_Land_Fault_YT,Occurrence,0,Not Pressed
2026-02-24 16:57:08,ARMGC_215,Spreader_Land_Fault_YT,Occurrence,0,Not Pressed
2026-02-24 16:57:37,ARMGC_215,Spreader_Land_Fault_YT,Resolved,30.2,Not Pressed
2026-02-24 16:57:38,ARMGC_215,Spreader_Land_Fault_YT,Resolved,30.2,Not Pressed
2026-02-24 17:12:18,ARMGC_213,SPSS_Trolley_Dir_Not_Clear,Occurrence,0,Not Pressed
2026-02-24 17:12:33,ARMGC_213,SPSS_Trolley_Dir_Not_Clear,Resolved,15.1,Not Pressed
2026-02-24 17:14:39,ARMGC_214,SPSS_Trolley_Dir_Not_Clear,Occurrence,0,Not Pressed
2026-02-24 17:15:09,ARMGC_214,SPSS_Trolley_Dir_Not_Clear,Resolved,30.2,Not Pressed
2026-02-24 17:17:14,ARMGC_213,SPSS_Trolley_Dir_Not_Clear,Occurrence,0,Not Pressed
2026-02-24 17:17:26,ARMGC_213,SPSS_Trolley_Dir_Not_Clear,Resolved,12.1,Not Pressed
2026-02-24 17:17:35,ARMGC_213,SPSS_Trolley_Dir_Not_Clear,Occurrence,0,Not Pressed
2026-02-24 17:17:38,ARMGC_213,SPSS_Trolley_Dir_Not_Clear,Resolved,3.1,Not Pressed
2026-02-24 17:18:29,ARMGC_214,SPSS_Trolley_Dir_Not_Clear,Occurrence,0,Not Pressed
2026-02-24 17:18:40,ARMGC_216,SPSS_Trolley_Dir_Not_Clear,Occurrence,0,Not Pressed
2026-02-24 17:18:47,ARMGC_214,SPSS_Trolley_Dir_Not_Clear,Resolved,18.1,Not Pressed
2026-02-24 17:20:18,ARMGC_216,SPSS_Trolley_Dir_Not_Clear,Resolved,98.1,Not Pressed
2026-02-24 17:29:44,ARMGC_215,SPSS_Trolley_Dir_Not_Clear,Occurrence,0,Not Pressed
2026-02-24 17:29:47,ARMGC_215,SPSS_Trolley_Dir_Not_Clear,Resolved,3.0,Not Pressed
2026-02-24 17:33:18,ARMGC_213,SPSS_Trolley_Dir_Not_Clear,Occurrence,0,Not Pressed
2026-02-24 17:34:00,ARMGC_213,SPSS_Trolley_Dir_Not_Clear,Resolved,42.2,Not Pressed
2026-02-24 17:35:00,ARMGC_214,SPSS_Trolley_Dir_Not_Clear,Occurrence,0,Not Pressed
2026-02-24 17:35:12,ARMGC_214,SPSS_Trolley_Dir_Not_Clear,Resolved,12.1,Not Pressed
2026-02-24 17:36:58,ARMGC_214,SPSS_Trolley_Dir_Not_Clear,Occurrence,0,Not Pressed
2026-02-24 17:37:13,ARMGC_214,SPSS_Trolley_Dir_Not_Clear,Resolved,15.1,Not Pressed
2026-02-24 17:37:19,ARMGC_214,SPSS_Trolley_Dir_Not_Clear,Occurrence,0,Not Pressed
2026-02-24 17:37:22,ARMGC_214,SPSS_Trolley_Dir_Not_Clear,Resolved,3.1,Not Pressed
2026-02-24 17:37:28,ARMGC_214,SPSS_Trolley_Dir_Not_Clear,Occurrence,0,Not Pressed
2026-02-24 17:38:01,ARMGC_214,SPSS_Trolley_Dir_Not_Clear,Resolved,33.2,Not Pressed
2026-02-24 17:38:51,ARMGC_212,SPSS_Trolley_Dir_Not_Clear,Occurrence,0,Not Pressed
2026-02-24 17:39:13,ARMGC_212,SPSS_Trolley_Dir_Not_Clear,Resolved,21.2,Not Pressed
2026-02-24 17:39:16,ARMGC_212,SPSS_Trolley_Dir_Not_Clear,Occurrence,0,Not Pressed
2026-02-24 17:39:20,ARMGC_213,SPSS_Trolley_Dir_Not_Clear,Occurrence,0,Not Pressed
2026-02-24 17:39:28,ARMGC_212,SPSS_Trolley_Dir_Not_Clear,Resolved,12.1,Not Pressed
2026-02-24 17:39:29,ARMGC_213,SPSS_Trolley_Dir_Not_Clear,Resolved,9.1,Not Pressed
2026-02-24 17:40:23,ARMGC_214,SPSS_Trolley_Dir_Not_Clear,Occurrence,0,Not Pressed
2026-02-24 17:40:32,ARMGC_214,SPSS_Trolley_Dir_Not_Clear,Resolved,9.1,Not Pressed
2026-02-24 17:40:35,ARMGC_214,SPSS_Trolley_Dir_Not_Clear,Occurrence,0,Not Pressed
2026-02-24 17:40:38,ARMGC_214,SPSS_Trolley_Dir_Not_Clear,Resolved,3.1,Not Pressed
2026-02-24 17:40:59,ARMGC_214,SPSS_Trolley_Dir_Not_Clear,Occurrence,0,Not Pressed
2026-02-24 17:41:05,ARMGC_214,SPSS_Trolley_Dir_Not_Clear,Resolved,6.1,Not Pressed
2026-02-24 17:43:07,ARMGC_216,SPSS_Trolley_Dir_Not_Clear,Occurrence,0,Not Pressed
2026-02-24 17:43:50,ARMGC_216,SPSS_Trolley_Dir_Not_Clear,Resolved,42.3,Not Pressed
2026-02-24 17:46:57,ARMGC_216,SPSS_Trolley_Dir_Not_Clear,Occurrence,0,Not Pressed
2026-02-24 17:47:00,ARMGC_216,SPSS_Trolley_Dir_Not_Clear,Resolved,3.0,Not Pressed
2026-02-24 17:48:59,ARMGC_215,SPSS_Trolley_Dir_Not_Clear,Occurrence,0,Not Pressed
2026-02-24 17:49:02,ARMGC_215,SPSS_Trolley_Dir_Not_Clear,Resolved,3.1,Not Pressed
2026-02-24 17:49:07,ARMGC_211,SPSS_Trolley_Dir_Not_Clear,Occurrence,0,Not Pressed
2026-02-24 17:49:10,ARMGC_211,SPSS_Trolley_Dir_Not_Clear,Resolved,3.1,Not Pressed
2026-02-24 17:54:41,ARMGC_211,SPSS_Trolley_Dir_Not_Clear,Occurrence,0,Not Pressed
2026-02-24 17:56:03,ARMGC_211,SPSS_Trolley_Dir_Not_Clear,Resolved,81.6,Not Pressed
2026-02-24 17:57:49,ARMGC_214,SPSS_Trolley_Dir_Not_Clear,Occurrence,0,Not Pressed
2026-02-24 17:58:23,ARMGC_214,SPSS_Trolley_Dir_Not_Clear,Resolved,33.3,Not Pressed
2026-02-24 17:59:20,ARMGC_215,SPSS_Trolley_Dir_Not_Clear,Occurrence,0,Not Pressed
2026-02-24 17:59:35,ARMGC_215,SPSS_Trolley_Dir_Not_Clear,Resolved,15.1,Not Pressed
2026-02-24 18:24:41,ARMGC_211,SPSS_Trolley_Dir_Not_Clear,Occurrence,0,Not Pressed
2026-02-24 18:24:47,ARMGC_211,SPSS_Trolley_Dir_Not_Clear,Resolved,6.1,Not Pressed
2026-02-24 18:36:02,ARMGC_214,SPSS_Trolley_Dir_Not_Clear,Occurrence,0,Not Pressed
2026-02-24 18:36:05,ARMGC_214,SPSS_Trolley_Dir_Not_Clear,Resolved,3.0,Not Pressed
2026-02-24 18:36:08,ARMGC_214,SPSS_Trolley_Dir_Not_Clear,Occurrence,0,Not Pressed
2026-02-24 18:36:17,ARMGC_214,SPSS_Trolley_Dir_Not_Clear,Resolved,9.1,Not Pressed
2026-02-24 18:38:21,ARMGC_214,SPSS_Trolley_Dir_Not_Clear,Occurrence,0,Not Pressed
2026-02-24 18:38:24,ARMGC_214,SPSS_Trolley_Dir_Not_Clear,Resolved,3.1,Not Pressed
2026-02-24 18:38:27,ARMGC_214,SPSS_Trolley_Dir_Not_Clear,Occurrence,0,Not Pressed
2026-02-24 18:38:33,ARMGC_214,SPSS_Trolley_Dir_Not_Clear,Resolved,6.1,Not Pressed
2026-02-24 18:41:03,ARMGC_212,SPSS_Trolley_Dir_Not_Clear,Occurrence,0,Not Pressed
2026-02-24 18:41:09,ARMGC_212,SPSS_Trolley_Dir_Not_Clear,Resolved,6.1,Not Pressed
2026-02-24 18:44:17,ARMGC_214,SPSS_Trolley_Dir_Not_Clear,Occurrence,0,Not Pressed
2026-02-24 18:44:23,ARMGC_214,SPSS_Trolley_Dir_Not_Clear,Resolved,6.1,Not Pressed
2026-02-24 18:45:56,ARMGC_213,SPSS_Trolley_Dir_Not_Clear,Occurrence,0,Not Pressed
2026-02-24 18:46:15,ARMGC_213,SPSS_Trolley_Dir_Not_Clear,Resolved,18.2,Not Pressed
2026-02-24 18:46:42,ARMGC_214,SPSS_Trolley_Dir_Not_Clear,Occurrence,0,Not Pressed
2026-02-24 18:46:48,ARMGC_214,SPSS_Trolley_Dir_Not_Clear,Resolved,6.1,Not Pressed
2026-02-24 18:48:08,ARMGC_216,SPSS_Trolley_Dir_Not_Clear,Occurrence,0,Not Pressed
2026-02-24 18:48:14,ARMGC_216,SPSS_Trolley_Dir_Not_Clear,Resolved,6.1,Not Pressed
2026-02-24 18:56:24,ARMGC_213,SPSS_Trolley_Dir_Not_Clear,Occurrence,0,Not Pressed
2026-02-24 18:56:27,ARMGC_213,SPSS_Trolley_Dir_Not_Clear,Resolved,3.0,Not Pressed
2026-02-24 18:56:33,ARMGC_213,SPSS_Trolley_Dir_Not_Clear,Occurrence,0,Not Pressed
2026-02-24 18:56:45,ARMGC_213,SPSS_Trolley_Dir_Not_Clear,Resolved,12.1,Not Pressed
2026-02-24 19:00:53,ARMGC_214,SPSS_Trolley_Dir_Not_Clear,Occurrence,0,Not Pressed
2026-02-24 19:01:02,ARMGC_214,SPSS_Trolley_Dir_Not_Clear,Resolved,9.1,Not Pressed
2026-02-24 19:06:49,ARMGC_213,SPSS_Trolley_Dir_Not_Clear,Occurrence,0,Not Pressed
2026-02-24 19:07:01,ARMGC_213,SPSS_Trolley_Dir_Not_Clear,Resolved,12.1,Not Pressed
2026-02-24 19:07:07,ARMGC_213,SPSS_Trolley_Dir_Not_Clear,Occurrence,0,Not Pressed
2026-02-24 19:07:13,ARMGC_213,SPSS_Trolley_Dir_Not_Clear,Resolved,6.1,Not Pressed
2026-02-24 19:07:44,ARMGC_214,SPSS_Trolley_Dir_Not_Clear,Occurrence,0,Not Pressed
2026-02-24 19:07:59,ARMGC_214,SPSS_Trolley_Dir_Not_Clear,Resolved,15.2,Not Pressed
2026-02-24 19:12:38,ARMGC_211,SPSS_Trolley_Dir_Not_Clear,Occurrence,0,Not Pressed
2026-02-24 19:12:56,ARMGC_211,SPSS_Trolley_Dir_Not_Clear,Resolved,18.1,Not Pressed
2026-02-24 19:14:39,ARMGC_215,SPSS_Trolley_Dir_Not_Clear,Occurrence,0,Not Pressed
2026-02-24 19:15:00,ARMGC_215,SPSS_Trolley_Dir_Not_Clear,Resolved,21.2,Not Pressed
2026-02-24 19:22:34,ARMGC_214,SPSS_Trolley_Dir_Not_Clear,Occurrence,0,Not Pressed
2026-02-24 19:22:43,ARMGC_214,SPSS_Trolley_Dir_Not_Clear,Resolved,9.1,Not Pressed
2026-02-24 19:25:25,ARMGC_211,SPSS_Trolley_Dir_Not_Clear,Occurrence,0,Not Pressed
2026-02-24 19:25:37,ARMGC_211,SPSS_Trolley_Dir_Not_Clear,Resolved,12.1,Not Pressed
2026-02-24 19:33:25,ARMGC_213,SPSS_Trolley_Dir_Not_Clear,Occurrence,0,Not Pressed
2026-02-24 19:33:31,ARMGC_213,SPSS_Trolley_Dir_Not_Clear,Resolved,6.0,Not Pressed
2026-02-24 19:36:35,ARMGC_213,SPSS_Trolley_Dir_Not_Clear,Occurrence,0,Not Pressed
2026-02-24 19:37:05,ARMGC_213,SPSS_Trolley_Dir_Not_Clear,Resolved,30.2,Not Pressed
2026-02-24 19:38:52,ARMGC_216,SPSS_Trolley_Dir_Not_Clear,Occurrence,0,Not Pressed
2026-02-24 19:38:55,ARMGC_216,SPSS_Trolley_Dir_Not_Clear,Resolved,3.1,Not Pressed
2026-02-24 19:47:46,ARMGC_216,SPSS_Trolley_Dir_Not_Clear,Occurrence,0,Not Pressed
2026-02-24 19:48:07,ARMGC_216,SPSS_Trolley_Dir_Not_Clear,Resolved,21.2,Not Pressed
2026-02-24 20:48:46,ARMGC_214,Spreader_Land_Fault_YT,Occurrence,0,Not Pressed
2026-02-24 20:48:47,ARMGC_214,Spreader_Land_Fault_YT,Occurrence,0,Not Pressed
2026-02-24 20:49:11,ARMGC_214,Spreader_Land_Fault_YT,Resolved,24.1,Not Pressed
2026-02-24 20:49:13,ARMGC_214,Spreader_Land_Fault_YT,Resolved,27.2,Not Pressed
2026-02-24 21:04:54,ARMGC_211,SPSS_Trolley_Dir_Not_Clear,Occurrence,0,Not Pressed
2026-02-24 21:05:00,ARMGC_211,SPSS_Trolley_Dir_Not_Clear,Resolved,6.1,Not Pressed
2026-02-24 21:09:08,ARMGC_214,Spreader_Land_Fault_XT,Occurrence,0,Not Pressed
2026-02-24 21:09:09,ARMGC_214,Spreader_Land_Fault_XT,Occurrence,0,Not Pressed
2026-02-24 21:09:12,ARMGC_214,Spreader_Land_Fault_XT,Resolved,3.0,Not Pressed
2026-02-24 21:09:14,ARMGC_214,Spreader_Land_Fault_XT,Resolved,6.1,Not Pressed
2026-02-24 23:21:58,ARMGC_213,SPSS_Trolley_Dir_Not_Clear,Occurrence,0,Not Pressed
2026-02-24 23:22:13,ARMGC_213,SPSS_Trolley_Dir_Not_Clear,Resolved,15.1,Not Pressed
2026-02-24 23:22:22,ARMGC_213,SPSS_Trolley_Dir_Not_Clear,Occurrence,0,Not Pressed
2026-02-24 23:22:25,ARMGC_213,SPSS_Trolley_Dir_Not_Clear,Resolved,3.1,Not Pressed
2026-02-24 23:23:01,ARMGC_216,Spreader_Land_Fault_YT,Occurrence,0,Not Pressed
2026-02-24 23:23:03,ARMGC_216,Spreader_Land_Fault_YT,Occurrence,0,Not Pressed
2026-02-24 23:23:09,ARMGC_216,Spreader_Land_Fault_YT,Resolved,6.0,Not Pressed
2026-02-24 23:23:10,ARMGC_216,Spreader_Land_Fault_YT,Resolved,9.1,Not Pressed
2026-02-24 23:36:13,ARMGC_214,Spreader_Land_Fault_YT,Occurrence,0,Not Pressed
2026-02-24 23:36:15,ARMGC_214,Spreader_Land_Fault_YT,Occurrence,0,Not Pressed
2026-02-24 23:36:19,ARMGC_214,Spreader_Land_Fault_YT,Resolved,6.1,Not Pressed
2026-02-24 23:36:21,ARMGC_214,Spreader_Land_Fault_YT,Resolved,6.1,Not Pressed
2026-02-24 23:59:31,ARMGC_214,Spreader_Land_Fault_YT,Occurrence,0,Not Pressed
2026-02-24 23:59:33,ARMGC_214,Spreader_Land_Fault_YT,Occurrence,0,Not Pressed
2026-02-24 23:59:50,ARMGC_214,Spreader_Land_Fault_YT,Resolved,18.1,Not Pressed
2026-02-24 23:59:51,ARMGC_214,Spreader_Land_Fault_YT,Resolved,18.1,Not Pressed
2026-02-25 01:17:41,ARMGC_214,Spreader_Land_Fault_YT,Occurrence,0,Not Pressed
2026-02-25 01:17:42,ARMGC_214,Spreader_Land_Fault_YT,Occurrence,0,Not Pressed
2026-02-25 01:17:44,ARMGC_214,Spreader_Land_Fault_YT,Resolved,3.0,Not Pressed
2026-02-25 01:17:45,ARMGC_214,Spreader_Land_Fault_YT,Resolved,3.0,Not Pressed
2026-02-25 02:32:32,ARMGC_212,Spreader_Land_Fault_YT,Occurrence,0,Not Pressed
2026-02-25 02:32:32,ARMGC_212,Spreader_Land_Fault_YT,Occurrence,0,Not Pressed
2026-02-25 02:32:34,ARMGC_212,Spreader_Land_Fault_YT,Occurrence,0,Not Pressed
2026-02-25 02:34:19,ARMGC_212,Spreader_Land_Fault_YT,Resolved,105.7,Not Pressed
2026-02-25 02:34:20,ARMGC_212,Spreader_Land_Fault_YT,Resolved,108.1,Not Pressed
2026-02-25 02:34:21,ARMGC_212,Spreader_Land_Fault_YT,Resolved,108.7,Not Pressed
2026-02-25 02:35:54,ARMGC_212,Spreader_Land_Fault_YT,Occurrence,0,Not Pressed
2026-02-25 02:35:54,ARMGC_212,Spreader_Land_Fault_YT,Occurrence,0,Not Pressed
2026-02-25 02:35:56,ARMGC_212,Spreader_Land_Fault_YT,Occurrence,0,Not Pressed
2026-02-25 02:35:57,ARMGC_212,Spreader_Land_Fault_YT,Resolved,3.1,Not Pressed
2026-02-25 02:35:57,ARMGC_212,Spreader_Land_Fault_YT,Resolved,3.1,Not Pressed
2026-02-25 02:35:59,ARMGC_212,Spreader_Land_Fault_YT,Resolved,3.1,Not Pressed
2026-02-25 02:43:24,ARMGC_213,Spreader_Land_Fault_YT,Occurrence,0,Not Pressed
2026-02-25 02:43:25,ARMGC_213,Spreader_Land_Fault_YT,Occurrence,0,Not Pressed
2026-02-25 02:43:31,ARMGC_213,Spreader_Land_Fault_YT,Resolved,6.1,Not Pressed
2026-02-25 02:43:33,ARMGC_213,Spreader_Land_Fault_YT,Resolved,9.1,Not Pressed
2026-02-25 02:53:13,ARMGC_212,Spreader_Land_Fault_YT,Occurrence,0,Not Pressed
2026-02-25 02:53:14,ARMGC_212,Spreader_Land_Fault_YT,Occurrence,0,Not Pressed
2026-02-25 02:53:15,ARMGC_212,Spreader_Land_Fault_YT,Resolved,1.0,Not Pressed
2026-02-25 02:53:16,ARMGC_212,Spreader_Land_Fault_YT,Resolved,3.0,Not Pressed
2026-02-25 03:14:17,ARMGC_211,Spreader_Land_Fault_YD,Occurrence,0,Not Pressed
2026-02-25 03:14:19,ARMGC_211,Spreader_Land_Fault_YD,Occurrence,0,Not Pressed
2026-02-25 03:14:31,ARMGC_211,Spreader_Land_Fault_YD,Resolved,12.1,Not Pressed
2026-02-25 03:14:33,ARMGC_211,Spreader_Land_Fault_YD,Resolved,15.1,Not Pressed
2026-02-25 03:16:02,ARMGC_212,Spreader_Land_Fault_YT,Occurrence,0,Not Pressed
2026-02-25 03:16:03,ARMGC_212,Spreader_Land_Fault_YT,Occurrence,0,Not Pressed
2026-02-25 03:16:04,ARMGC_212,Spreader_Land_Fault_YT,Occurrence,0,Not Pressed
2026-02-25 03:16:09,ARMGC_212,Spreader_Land_Fault_YT,Resolved,6.1,Not Pressed
2026-02-25 03:16:09,ARMGC_212,Spreader_Land_Fault_YT,Resolved,7.2,Not Pressed
2026-02-25 03:16:10,ARMGC_212,Spreader_Land_Fault_YT,Resolved,6.1,Not Pressed
2026-02-25 05:38:12,ARMGC_212,Spreader_Land_Fault_YD,Occurrence,0,Not Pressed
2026-02-25 05:38:13,ARMGC_212,Spreader_Land_Fault_YD,Occurrence,0,Not Pressed
2026-02-25 05:38:13,ARMGC_212,Spreader_Land_Fault_YD,Occurrence,0,Not Pressed
2026-02-25 05:38:14,ARMGC_212,Spreader_Land_Fault_YD,Resolved,2.1,Not Pressed
2026-02-25 05:38:16,ARMGC_212,Spreader_Land_Fault_YD,Resolved,3.1,Not Pressed
2026-02-25 05:38:16,ARMGC_212,Spreader_Land_Fault_YD,Resolved,3.0,Not Pressed
2026-02-25 05:54:22,ARMGC_214,Spreader_Land_Fault_YT,Occurrence,0,Not Pressed
2026-02-25 05:54:25,ARMGC_214,Spreader_Land_Fault_YT,Resolved,3.0,Not Pressed
2026-02-25 06:29:26,ARMGC_212,Spreader_Land_Fault_YT,Occurrence,0,Not Pressed
2026-02-25 06:29:27,ARMGC_212,Spreader_Land_Fault_YT,Occurrence,0,Not Pressed
2026-02-25 06:29:28,ARMGC_212,Spreader_Land_Fault_YT,Occurrence,0,Not Pressed
2026-02-25 06:29:30,ARMGC_212,Spreader_Land_Fault_YT,Resolved,3.1,Not Pressed
2026-02-25 06:29:30,ARMGC_212,Spreader_Land_Fault_YT,Resolved,4.1,Not Pressed
2026-02-25 06:29:31,ARMGC_212,Spreader_Land_Fault_YT,Resolved,3.1,Not Pressed
2026-02-25 08:17:12,ARMGC_216,Spreader_Land_Fault_YT,Occurrence,0,Not Pressed
2026-02-25 08:17:13,ARMGC_216,Spreader_Land_Fault_YT,Occurrence,0,Not Pressed
2026-02-25 08:17:22,ARMGC_216,Spreader_Land_Fault_YT,Resolved,9.1,Not Pressed
2026-02-25 08:17:22,ARMGC_216,Spreader_Land_Fault_YT,Resolved,9.1,Not Pressed
2026-02-25 08:25:35,ARMGC_213,Spreader_Land_Fault_YD,Occurrence,0,Not Pressed
2026-02-25 08:25:36,ARMGC_213,Spreader_Land_Fault_YD,Occurrence,0,Not Pressed
2026-02-25 08:25:41,ARMGC_213,Spreader_Land_Fault_YD,Resolved,6.1,Not Pressed
2026-02-25 08:25:42,ARMGC_213,Spreader_Land_Fault_YD,Resolved,6.0,Not Pressed
2026-02-25 08:59:21,ARMGC_215,Spreader_Land_Fault_YT,Occurrence,0,Not Pressed
2026-02-25 08:59:22,ARMGC_215,Spreader_Land_Fault_YT,Occurrence,0,Not Pressed
2026-02-25 08:59:24,ARMGC_215,Spreader_Land_Fault_YT,Resolved,3.0,Not Pressed
2026-02-25 08:59:26,ARMGC_215,Spreader_Land_Fault_YT,Resolved,3.1,Not Pressed
2026-02-25 09:33:34,ARMGC_214,Spreader_Land_Fault_XT,Occurrence,0,Not Pressed
2026-02-25 09:33:35,ARMGC_214,Spreader_Land_Fault_XT,Occurrence,0,Not Pressed
2026-02-25 09:33:58,ARMGC_214,Spreader_Land_Fault_XT,Resolved,24.1,Not Pressed
2026-02-25 09:33:59,ARMGC_214,Spreader_Land_Fault_XT,Resolved,24.2,Not Pressed
2026-02-25 09:56:59,ARMGC_215,Spreader_Land_Fault_XT,Occurrence,0,Not Pressed
2026-02-25 09:57:01,ARMGC_215,Spreader_Land_Fault_XT,Occurrence,0,Not Pressed
2026-02-25 09:57:02,ARMGC_215,Spreader_Land_Fault_XT,Resolved,3.1,Not Pressed
2026-02-25 09:57:04,ARMGC_215,Spreader_Land_Fault_XT,Resolved,3.1,Not Pressed
2026-02-25 10:56:43,ARMGC_214,Spreader_Land_Fault_XT,Occurrence,0,Not Pressed
2026-02-25 10:56:44,ARMGC_214,Spreader_Land_Fault_XT,Occurrence,0,Not Pressed
2026-02-25 10:56:53,ARMGC_214,Spreader_Land_Fault_XT,Resolved,9.1,Not Pressed
2026-02-25 10:56:55,ARMGC_214,Spreader_Land_Fault_XT,Resolved,12.1,Not Pressed
2026-02-25 12:16:17,ARMGC_246,Spreader_Land_Fault_YT,Occurrence,0,Not Pressed
2026-02-25 12:17:38,ARMGC_246,Spreader_Land_Fault_YT,Resolved,80.4,Not Pressed
2026-02-25 12:31:34,ARMGC_214,Spreader_Land_Fault_YT,Occurrence,0,Not Pressed
2026-02-25 12:31:34,ARMGC_214,Spreader_Land_Fault_YT,Occurrence,0,Not Pressed
2026-02-25 12:32:04,ARMGC_214,Spreader_Land_Fault_YT,Resolved,30.2,Not Pressed
2026-02-25 12:32:04,ARMGC_214,Spreader_Land_Fault_YT,Resolved,30.2,Not Pressed
2026-02-25 12:45:54,ARMGC_211,Spreader_Land_Fault_XT,Occurrence,0,Not Pressed
2026-02-25 12:45:55,ARMGC_211,Spreader_Land_Fault_XT,Occurrence,0,Not Pressed
2026-02-25 12:45:57,ARMGC_211,Spreader_Land_Fault_XT,Resolved,3.1,Not Pressed
2026-02-25 12:45:58,ARMGC_211,Spreader_Land_Fault_XT,Resolved,3.0,Not Pressed
2026-02-25 12:58:49,ARMGC_214,Spreader_Land_Fault_XT,Occurrence,0,Not Pressed
2026-02-25 12:58:49,ARMGC_214,Spreader_Land_Fault_XT,Occurrence,0,Not Pressed
2026-02-25 12:59:46,ARMGC_214,Spreader_Land_Fault_XT,Resolved,57.3,Not Pressed
2026-02-25 12:59:46,ARMGC_214,Spreader_Land_Fault_XT,Resolved,57.3,Not Pressed
2026-02-25 13:03:26,ARMGC_214,Spreader_Land_Fault_XT,Occurrence,0,Not Pressed
2026-02-25 13:03:27,ARMGC_214,Spreader_Land_Fault_XT,Occurrence,0,Not Pressed
2026-02-25 13:03:51,ARMGC_214,Spreader_Land_Fault_XT,Resolved,24.2,Not Pressed
2026-02-25 13:03:51,ARMGC_214,Spreader_Land_Fault_XT,Resolved,24.2,Not Pressed
2026-02-25 13:36:03,ARMGC_216,Spreader_Land_Fault_YT,Occurrence,0,Not Pressed
2026-02-25 13:36:06,ARMGC_216,Spreader_Land_Fault_YT,Resolved,3.0,Not Pressed
2026-02-25 15:15:39,ARMGC_214,Spreader_Land_Fault_YT,Occurrence,0,Not Pressed
2026-02-25 15:15:40,ARMGC_214,Spreader_Land_Fault_YT,Occurrence,0,Not Pressed
2026-02-25 15:15:45,ARMGC_214,Spreader_Land_Fault_YT,Resolved,6.1,Not Pressed
2026-02-25 15:15:46,ARMGC_214,Spreader_Land_Fault_YT,Resolved,6.0,Not Pressed
2026-02-25 16:54:51,ARMGC_216,Spreader_Land_Fault_YT,Occurrence,0,Not Pressed
2026-02-25 16:54:54,ARMGC_216,Spreader_Land_Fault_YT,Resolved,3.1,Not Pressed
2026-02-25 17:34:07,ARMGC_211,Spreader_Land_Fault_XT,Occurrence,0,Not Pressed
2026-02-25 17:34:09,ARMGC_211,Spreader_Land_Fault_XT,Occurrence,0,Not Pressed
2026-02-25 17:34:55,ARMGC_211,Spreader_Land_Fault_XT,Resolved,48.3,Not Pressed
2026-02-25 17:34:57,ARMGC_211,Spreader_Land_Fault_XT,Resolved,48.3,Not Pressed
2026-02-25 18:54:04,ARMGC_211,Spreader_Land_Fault_YT,Occurrence,0,Not Pressed
2026-02-25 18:54:06,ARMGC_211,Spreader_Land_Fault_YT,Occurrence,0,Not Pressed
2026-02-25 18:54:10,ARMGC_211,Spreader_Land_Fault_YT,Resolved,6.1,Not Pressed
2026-02-25 18:54:12,ARMGC_211,Spreader_Land_Fault_YT,Resolved,6.1,Not Pressed
2026-02-25 20:35:54,ARMGC_212,Spreader_Land_Fault_YT,Occurrence,0,Not Pressed
2026-02-25 20:35:55,ARMGC_212,Spreader_Land_Fault_YT,Occurrence,0,Not Pressed
2026-02-25 20:35:55,ARMGC_212,Spreader_Land_Fault_YT,Occurrence,0,Not Pressed
2026-02-25 20:36:04,ARMGC_212,Spreader_Land_Fault_YT,Resolved,10.3,Not Pressed
2026-02-25 20:36:07,ARMGC_212,Spreader_Land_Fault_YT,Resolved,12.1,Not Pressed
2026-02-25 20:36:07,ARMGC_212,Spreader_Land_Fault_YT,Resolved,12.1,Not Pressed
2026-02-25 20:52:48,ARMGC_212,Spreader_Land_Fault_YT,Occurrence,0,Not Pressed
2026-02-25 20:52:49,ARMGC_212,Spreader_Land_Fault_YT,Occurrence,0,Not Pressed
2026-02-25 20:52:49,ARMGC_212,Spreader_Land_Fault_YT,Occurrence,0,Not Pressed
2026-02-25 20:53:01,ARMGC_212,Spreader_Land_Fault_YT,Resolved,12.1,Not Pressed
2026-02-25 20:53:01,ARMGC_212,Spreader_Land_Fault_YT,Resolved,12.1,Not Pressed
2026-02-25 20:53:02,ARMGC_212,Spreader_Land_Fault_YT,Resolved,14.2,Not Pressed
2026-02-25 21:12:05,ARMGC_211,Spreader_Land_Fault_XT,Occurrence,0,Not Pressed
2026-02-25 21:12:06,ARMGC_211,Spreader_Land_Fault_XT,Occurrence,0,Not Pressed
2026-02-25 21:12:46,ARMGC_211,Spreader_Land_Fault_XT,Resolved,39.3,Not Pressed
2026-02-25 21:12:47,ARMGC_211,Spreader_Land_Fault_XT,Resolved,42.3,Not Pressed
2026-02-25 21:33:18,ARMGC_215,Spreader_Land_Fault_YT,Occurrence,0,Not Pressed
2026-02-25 21:33:20,ARMGC_215,Spreader_Land_Fault_YT,Occurrence,0,Not Pressed
2026-02-25 21:33:23,ARMGC_215,Spreader_Land_Fault_YT,Resolved,3.0,Not Pressed
2026-02-25 21:33:24,ARMGC_215,Spreader_Land_Fault_YT,Resolved,6.1,Not Pressed
2026-02-25 21:42:21,ARMGC_212,Spreader_Land_Fault_YT,Occurrence,0,Not Pressed
2026-02-25 21:42:23,ARMGC_212,Spreader_Land_Fault_YT,Occurrence,0,Not Pressed
2026-02-25 21:42:24,ARMGC_212,Spreader_Land_Fault_YT,Occurrence,0,Not Pressed
2026-02-25 21:42:39,ARMGC_212,Spreader_Land_Fault_YT,Resolved,15.1,Not Pressed
2026-02-25 21:42:39,ARMGC_212,Spreader_Land_Fault_YT,Resolved,17.3,Not Pressed
2026-02-25 21:42:41,ARMGC_212,Spreader_Land_Fault_YT,Resolved,18.1,Not Pressed
2026-02-25 21:51:58,ARMGC_214,Spreader_Land_Fault_XT,Occurrence,0,Not Pressed
2026-02-25 21:51:58,ARMGC_214,Spreader_Land_Fault_XT,Occurrence,0,Not Pressed
2026-02-25 21:52:10,ARMGC_214,Spreader_Land_Fault_XT,Resolved,12.1,Not Pressed
2026-02-25 21:52:11,ARMGC_214,Spreader_Land_Fault_XT,Resolved,12.1,Not Pressed
2026-02-25 22:02:50,ARMGC_214,Spreader_Land_Fault_XT,Occurrence,0,Not Pressed
2026-02-25 22:02:50,ARMGC_214,Spreader_Land_Fault_XT,Occurrence,0,Not Pressed
2026-02-25 22:03:02,ARMGC_214,Spreader_Land_Fault_XT,Resolved,12.1,Not Pressed
2026-02-25 22:03:02,ARMGC_214,Spreader_Land_Fault_XT,Resolved,12.1,Not Pressed
2026-02-25 22:20:26,ARMGC_214,Spreader_Land_Fault_YT,Occurrence,0,Not Pressed
2026-02-25 22:20:26,ARMGC_214,Spreader_Land_Fault_YT,Occurrence,0,Not Pressed
2026-02-25 22:20:50,ARMGC_214,Spreader_Land_Fault_YT,Resolved,24.1,Not Pressed
2026-02-25 22:20:50,ARMGC_214,Spreader_Land_Fault_YT,Resolved,24.1,Not Pressed
2026-02-25 22:28:14,ARMGC_212,Spreader_Land_Fault_YT,Occurrence,0,Not Pressed
2026-02-25 22:28:14,ARMGC_212,Spreader_Land_Fault_YT,Occurrence,0,Not Pressed
2026-02-25 22:28:15,ARMGC_212,Spreader_Land_Fault_YT,Occurrence,0,Not Pressed
2026-02-25 22:28:43,ARMGC_212,Spreader_Land_Fault_YT,Resolved,28.6,Not Pressed
2026-02-25 22:28:44,ARMGC_212,Spreader_Land_Fault_YT,Resolved,30.2,Not Pressed
2026-02-25 22:28:45,ARMGC_212,Spreader_Land_Fault_YT,Resolved,30.2,Not Pressed
2026-02-25 22:29:45,ARMGC_215,Spreader_Land_Fault_YT,Occurrence,0,Not Pressed
2026-02-25 22:29:46,ARMGC_215,Spreader_Land_Fault_YT,Occurrence,0,Not Pressed
2026-02-25 22:30:03,ARMGC_215,Spreader_Land_Fault_YT,Resolved,18.2,Not Pressed
2026-02-25 22:30:04,ARMGC_215,Spreader_Land_Fault_YT,Resolved,18.2,Not Pressed
2026-02-25 22:31:02,ARMGC_212,Spreader_Land_Fault_YT,Occurrence,0,Not Pressed
2026-02-25 22:31:03,ARMGC_212,Spreader_Land_Fault_YT,Occurrence,0,Not Pressed
2026-02-25 22:31:04,ARMGC_212,Spreader_Land_Fault_YT,Occurrence,0,Not Pressed
2026-02-25 22:31:09,ARMGC_212,Spreader_Land_Fault_YT,Resolved,6.1,Not Pressed
2026-02-25 22:31:10,ARMGC_212,Spreader_Land_Fault_YT,Resolved,7.2,Not Pressed
2026-02-25 22:31:10,ARMGC_212,Spreader_Land_Fault_YT,Resolved,6.1,Not Pressed
2026-02-25 22:46:32,ARMGC_214,Spreader_Land_Fault_XT,Occurrence,0,Not Pressed
2026-02-25 22:46:32,ARMGC_214,Spreader_Land_Fault_XT,Occurrence,0,Not Pressed
2026-02-25 22:46:41,ARMGC_214,Spreader_Land_Fault_XT,Resolved,9.1,Not Pressed
2026-02-25 22:46:41,ARMGC_214,Spreader_Land_Fault_XT,Resolved,9.1,Not Pressed
2026-02-25 23:40:58,ARMGC_213,Spreader_Land_Fault_YD,Occurrence,0,Not Pressed
2026-02-25 23:41:00,ARMGC_213,Spreader_Land_Fault_YD,Occurrence,0,Not Pressed
2026-02-25 23:41:15,ARMGC_213,Spreader_Land_Fault_YD,Resolved,15.1,Not Pressed
2026-02-25 23:41:16,ARMGC_213,Spreader_Land_Fault_YD,Resolved,18.1,Not Pressed
2026-02-25 23:56:28,ARMGC_214,Spreader_Land_Fault_XT,Occurrence,0,Not Pressed
2026-02-25 23:56:28,ARMGC_214,Spreader_Land_Fault_XT,Occurrence,0,Not Pressed
2026-02-25 23:56:43,ARMGC_214,Spreader_Land_Fault_XT,Resolved,15.1,Not Pressed
2026-02-25 23:56:43,ARMGC_214,Spreader_Land_Fault_XT,Resolved,15.1,Not Pressed
2026-02-26 00:14:05,ARMGC_213,Spreader_Land_Fault_YD,Occurrence,0,Not Pressed
2026-02-26 00:14:06,ARMGC_213,Spreader_Land_Fault_YD,Occurrence,0,Not Pressed
2026-02-26 00:14:27,ARMGC_213,Spreader_Land_Fault_YD,Resolved,21.1,Not Pressed
2026-02-26 00:14:29,ARMGC_213,Spreader_Land_Fault_YD,Resolved,24.2,Not Pressed
2026-02-26 00:59:18,ARMGC_215,SPSS_Trolley_Dir_Not_Clear,Occurrence,0,Not Pressed
2026-02-26 01:00:16,ARMGC_215,SPSS_Trolley_Dir_Not_Clear,Resolved,57.4,Not Pressed
2026-02-26 01:10:43,ARMGC_212,Spreader_Land_Fault_YT,Occurrence,0,Not Pressed
2026-02-26 01:10:44,ARMGC_212,Spreader_Land_Fault_YT,Occurrence,0,Not Pressed
2026-02-26 01:10:45,ARMGC_212,Spreader_Land_Fault_YT,Occurrence,0,Not Pressed
2026-02-26 01:10:58,ARMGC_212,Spreader_Land_Fault_YT,Resolved,15.3,Not Pressed
2026-02-26 01:10:59,ARMGC_212,Spreader_Land_Fault_YT,Resolved,15.1,Not Pressed
2026-02-26 01:11:00,ARMGC_212,Spreader_Land_Fault_YT,Resolved,15.1,Not Pressed
2026-02-26 01:38:26,ARMGC_215,Spreader_Land_Fault_YT,Occurrence,0,Not Pressed
2026-02-26 01:38:28,ARMGC_215,Spreader_Land_Fault_YT,Occurrence,0,Not Pressed
2026-02-26 01:38:49,ARMGC_215,Spreader_Land_Fault_YT,Resolved,21.1,Not Pressed
2026-02-26 01:38:50,ARMGC_215,Spreader_Land_Fault_YT,Resolved,24.2,Not Pressed
2026-02-26 01:53:29,ARMGC_213,Spreader_Land_Fault_YT,Occurrence,0,Not Pressed
2026-02-26 01:53:30,ARMGC_213,Spreader_Land_Fault_YT,Occurrence,0,Not Pressed
2026-02-26 01:53:59,ARMGC_213,Spreader_Land_Fault_YT,Resolved,30.2,Not Pressed
2026-02-26 01:54:00,ARMGC_213,Spreader_Land_Fault_YT,Resolved,30.2,Not Pressed
2026-02-26 03:38:38,ARMGC_216,Spreader_Land_Fault_YT,Occurrence,0,Not Pressed
2026-02-26 03:38:39,ARMGC_216,Spreader_Land_Fault_YT,Occurrence,0,Not Pressed
2026-02-26 03:38:50,ARMGC_216,Spreader_Land_Fault_YT,Resolved,12.1,Not Pressed
2026-02-26 03:38:51,ARMGC_216,Spreader_Land_Fault_YT,Resolved,12.1,Not Pressed
2026-02-26 04:00:46,ARMGC_213,Spreader_Land_Fault_YD,Occurrence,0,Not Pressed
2026-02-26 04:00:49,ARMGC_213,Spreader_Land_Fault_YD,Occurrence,0,Not Pressed
2026-02-26 04:00:58,ARMGC_213,Spreader_Land_Fault_YD,Resolved,9.1,Not Pressed
2026-02-26 04:00:58,ARMGC_213,Spreader_Land_Fault_YD,Resolved,12.1,Not Pressed
2026-02-26 04:29:16,ARMGC_214,Spreader_Land_Fault_YT,Occurrence,0,Not Pressed
2026-02-26 04:29:17,ARMGC_214,Spreader_Land_Fault_YT,Occurrence,0,Not Pressed
2026-02-26 04:29:28,ARMGC_214,Spreader_Land_Fault_YT,Resolved,12.1,Not Pressed
2026-02-26 04:29:29,ARMGC_214,Spreader_Land_Fault_YT,Resolved,12.1,Not Pressed
2026-02-26 06:17:40,ARMGC_215,Spreader_Land_Fault_YD,Occurrence,0,Not Pressed
2026-02-26 06:17:41,ARMGC_215,Spreader_Land_Fault_YD,Occurrence,0,Not Pressed
2026-02-26 06:18:01,ARMGC_215,Spreader_Land_Fault_YD,Resolved,21.1,Not Pressed
2026-02-26 06:18:02,ARMGC_215,Spreader_Land_Fault_YD,Resolved,21.2,Not Pressed
2026-02-26 06:20:53,ARMGC_215,Spreader_Land_Fault_XT,Occurrence,0,Not Pressed
2026-02-26 06:20:54,ARMGC_215,Spreader_Land_Fault_XT,Occurrence,0,Not Pressed
2026-02-26 06:21:06,ARMGC_215,Spreader_Land_Fault_XT,Resolved,12.2,Not Pressed
2026-02-26 06:21:08,ARMGC_215,Spreader_Land_Fault_XT,Resolved,15.2,Not Pressed
2026-02-26 06:23:12,ARMGC_215,Spreader_Land_Fault_XT,Occurrence,0,Not Pressed
2026-02-26 06:23:15,ARMGC_215,Spreader_Land_Fault_XT,Resolved,3.1,Not Pressed
2026-02-26 07:03:45,ARMGC_213,Spreader_Land_Fault_YT,Occurrence,0,Not Pressed
2026-02-26 07:03:46,ARMGC_213,Spreader_Land_Fault_YT,Occurrence,0,Not Pressed
2026-02-26 07:03:49,ARMGC_213,Spreader_Land_Fault_YT,Resolved,3.1,Not Pressed
2026-02-26 07:03:51,ARMGC_213,Spreader_Land_Fault_YT,Resolved,6.0,Not Pressed
2026-02-26 07:06:47,ARMGC_213,Spreader_Land_Fault_YD,Occurrence,0,Not Pressed
2026-02-26 07:06:49,ARMGC_213,Spreader_Land_Fault_YD,Occurrence,0,Not Pressed
2026-02-26 07:06:50,ARMGC_213,Spreader_Land_Fault_YD,Resolved,3.1,Not Pressed
2026-02-26 07:06:52,ARMGC_213,Spreader_Land_Fault_YD,Resolved,3.1,Not Pressed
2026-02-26 07:33:34,ARMGC_246,Spreader_Land_Fault_YT,Occurrence,0,Not Pressed
2026-02-26 07:33:37,ARMGC_246,Spreader_Land_Fault_YT,Resolved,3.1,Not Pressed
2026-02-26 07:38:49,ARMGC_215,Spreader_Land_Fault_YT,Occurrence,0,Not Pressed
2026-02-26 07:38:51,ARMGC_215,Spreader_Land_Fault_YT,Occurrence,0,Not Pressed
2026-02-26 07:39:19,ARMGC_215,Spreader_Land_Fault_YT,Resolved,30.2,Not Pressed
2026-02-26 07:39:22,ARMGC_215,Spreader_Land_Fault_YT,Resolved,30.2,Not Pressed
2026-02-26 08:04:03,ARMGC_214,Spreader_Land_Fault_YT,Occurrence,0,Not Pressed
2026-02-26 08:04:03,ARMGC_214,Spreader_Land_Fault_YT,Occurrence,0,Not Pressed
2026-02-26 08:04:09,ARMGC_214,Spreader_Land_Fault_YT,Resolved,6.1,Not Pressed
2026-02-26 08:04:12,ARMGC_214,Spreader_Land_Fault_YT,Resolved,9.1,Not Pressed
2026-02-26 08:06:58,ARMGC_214,Spreader_Land_Fault_YT,Occurrence,0,Not Pressed
2026-02-26 08:06:58,ARMGC_214,Spreader_Land_Fault_YT,Occurrence,0,Not Pressed
2026-02-26 08:07:37,ARMGC_214,Spreader_Land_Fault_YT,Resolved,39.3,Not Pressed
2026-02-26 08:07:38,ARMGC_214,Spreader_Land_Fault_YT,Resolved,39.3,Not Pressed
2026-02-26 08:53:44,ARMGC_214,Spreader_Land_Fault_YT,Occurrence,0,Not Pressed
2026-02-26 08:53:44,ARMGC_214,Spreader_Land_Fault_YT,Occurrence,0,Not Pressed
2026-02-26 08:53:47,ARMGC_214,Spreader_Land_Fault_YT,Resolved,3.0,Not Pressed
2026-02-26 08:53:47,ARMGC_214,Spreader_Land_Fault_YT,Resolved,3.0,Not Pressed
2026-02-26 09:23:20,ARMGC_212,Spreader_Land_Fault_YT,Occurrence,0,Not Pressed
2026-02-26 09:23:21,ARMGC_212,Spreader_Land_Fault_YT,Occurrence,0,Not Pressed
2026-02-26 09:23:22,ARMGC_212,Spreader_Land_Fault_YT,Occurrence,0,Not Pressed
2026-02-26 09:23:36,ARMGC_212,Spreader_Land_Fault_YT,Resolved,15.3,Not Pressed
2026-02-26 09:23:36,ARMGC_212,Spreader_Land_Fault_YT,Resolved,15.1,Not Pressed
2026-02-26 09:23:37,ARMGC_212,Spreader_Land_Fault_YT,Resolved,15.1,Not Pressed
2026-02-26 11:05:55,ARMGC_214,Spreader_Land_Fault_XT,Occurrence,0,Not Pressed
2026-02-26 11:05:55,ARMGC_214,Spreader_Land_Fault_XT,Occurrence,0,Not Pressed
2026-02-26 11:06:04,ARMGC_214,Spreader_Land_Fault_XT,Resolved,9.1,Not Pressed
2026-02-26 11:06:04,ARMGC_214,Spreader_Land_Fault_XT,Resolved,9.1,Not Pressed
2026-02-26 12:44:40,ARMGC_211,Spreader_Land_Fault_XT,Occurrence,0,Not Pressed
2026-02-26 12:44:41,ARMGC_211,Spreader_Land_Fault_XT,Occurrence,0,Not Pressed
2026-02-26 12:45:26,ARMGC_211,Spreader_Land_Fault_XT,Resolved,45.3,Not Pressed
2026-02-26 12:45:26,ARMGC_211,Spreader_Land_Fault_XT,Resolved,45.3,Not Pressed
2026-02-26 16:12:04,ARMGC_246,Spreader_Land_Fault_YT,Occurrence,0,Not Pressed
2026-02-26 16:12:07,ARMGC_246,Spreader_Land_Fault_YT,Resolved,3.1,Not Pressed
2026-02-26 16:19:40,ARMGC_214,Spreader_Land_Fault_XT,Occurrence,0,Not Pressed
2026-02-26 16:19:40,ARMGC_214,Spreader_Land_Fault_XT,Occurrence,0,Not Pressed
2026-02-26 16:19:49,ARMGC_214,Spreader_Land_Fault_XT,Resolved,9.1,Not Pressed
2026-02-26 16:19:49,ARMGC_214,Spreader_Land_Fault_XT,Resolved,9.1,Not Pressed
2026-02-26 17:22:37,ARMGC_214,Spreader_Land_Fault_XT,Occurrence,0,Not Pressed
2026-02-26 17:22:37,ARMGC_214,Spreader_Land_Fault_XT,Occurrence,0,Not Pressed
2026-02-26 17:22:43,ARMGC_214,Spreader_Land_Fault_XT,Resolved,6.1,Not Pressed
2026-02-26 17:22:43,ARMGC_214,Spreader_Land_Fault_XT,Resolved,6.0,Not Pressed
2026-02-26 17:50:38,ARMGC_214,Spreader_Land_Fault_XT,Occurrence,0,Not Pressed
2026-02-26 17:50:38,ARMGC_214,Spreader_Land_Fault_XT,Occurrence,0,Not Pressed
2026-02-26 17:50:47,ARMGC_214,Spreader_Land_Fault_XT,Resolved,9.1,Not Pressed
2026-02-26 17:50:47,ARMGC_214,Spreader_Land_Fault_XT,Resolved,9.1,Not Pressed
2026-02-26 18:07:57,ARMGC_214,Spreader_Land_Fault_XT,Occurrence,0,Not Pressed
2026-02-26 18:07:57,ARMGC_214,Spreader_Land_Fault_XT,Occurrence,0,Not Pressed
2026-02-26 18:08:00,ARMGC_214,Spreader_Land_Fault_XT,Resolved,3.0,Not Pressed
2026-02-26 18:08:00,ARMGC_214,Spreader_Land_Fault_XT,Resolved,3.0,Not Pressed
2026-02-26 18:21:32,ARMGC_214,Spreader_Land_Fault_XT,Occurrence,0,Not Pressed
2026-02-26 18:21:32,ARMGC_214,Spreader_Land_Fault_XT,Occurrence,0,Not Pressed
2026-02-26 18:22:17,ARMGC_214,Spreader_Land_Fault_XT,Resolved,45.3,Not Pressed
2026-02-26 18:22:17,ARMGC_214,Spreader_Land_Fault_XT,Resolved,45.3,Not Pressed
2026-02-26 18:34:06,ARMGC_214,Spreader_Land_Fault_XT,Occurrence,0,Not Pressed
2026-02-26 18:34:06,ARMGC_214,Spreader_Land_Fault_XT,Occurrence,0,Not Pressed
2026-02-26 18:34:12,ARMGC_214,Spreader_Land_Fault_XT,Resolved,6.1,Not Pressed
2026-02-26 18:34:12,ARMGC_214,Spreader_Land_Fault_XT,Resolved,6.1,Not Pressed
2026-02-26 18:40:23,ARMGC_211,Spreader_Land_Fault_XT,Occurrence,0,Not Pressed
2026-02-26 18:40:24,ARMGC_211,Spreader_Land_Fault_XT,Occurrence,0,Not Pressed
2026-02-26 18:40:26,ARMGC_211,Spreader_Land_Fault_XT,Resolved,3.0,Not Pressed
2026-02-26 18:40:27,ARMGC_211,Spreader_Land_Fault_XT,Resolved,3.0,Not Pressed
2026-02-26 18:44:37,ARMGC_214,Spreader_Land_Fault_XT,Occurrence,0,Not Pressed
2026-02-26 18:44:37,ARMGC_214,Spreader_Land_Fault_XT,Occurrence,0,Not Pressed
2026-02-26 18:44:40,ARMGC_214,Spreader_Land_Fault_XT,Resolved,3.0,Not Pressed
2026-02-26 18:44:40,ARMGC_214,Spreader_Land_Fault_XT,Resolved,3.0,Not Pressed
2026-02-26 18:46:17,ARMGC_211,Spreader_Land_Fault_YT,Occurrence,0,Not Pressed
2026-02-26 18:46:17,ARMGC_211,Spreader_Land_Fault_YT,Occurrence,0,Not Pressed
2026-02-26 18:46:26,ARMGC_211,Spreader_Land_Fault_YT,Resolved,9.1,Not Pressed
2026-02-26 18:46:26,ARMGC_211,Spreader_Land_Fault_YT,Resolved,9.1,Not Pressed
2026-02-26 20:28:49,ARMGC_211,Spreader_Land_Fault_XT,Occurrence,0,Not Pressed
2026-02-26 20:28:50,ARMGC_211,Spreader_Land_Fault_XT,Occurrence,0,Not Pressed
2026-02-26 20:29:05,ARMGC_211,Spreader_Land_Fault_XT,Resolved,15.1,Not Pressed
2026-02-26 20:29:05,ARMGC_211,Spreader_Land_Fault_XT,Resolved,15.1,Not Pressed
2026-02-26 20:34:18,ARMGC_213,Spreader_Land_Fault_YD,Occurrence,0,Not Pressed
2026-02-26 20:34:18,ARMGC_213,Spreader_Land_Fault_YD,Occurrence,0,Not Pressed
2026-02-26 20:34:21,ARMGC_213,Spreader_Land_Fault_YD,Resolved,3.0,Not Pressed
2026-02-26 20:34:24,ARMGC_213,Spreader_Land_Fault_YD,Resolved,6.0,Not Pressed
2026-02-26 20:59:13,ARMGC_211,SPSS_Trolley_Dir_Not_Clear,Occurrence,0,Not Pressed
2026-02-26 20:59:43,ARMGC_211,SPSS_Trolley_Dir_Not_Clear,Resolved,30.2,Not Pressed
2026-02-26 22:01:40,ARMGC_216,Spreader_Land_Fault_XT,Occurrence,0,Not Pressed
2026-02-26 22:01:41,ARMGC_216,Spreader_Land_Fault_XT,Occurrence,0,Not Pressed
2026-02-26 22:02:38,ARMGC_216,Spreader_Land_Fault_XT,Resolved,57.3,Not Pressed
2026-02-26 22:02:40,ARMGC_216,Spreader_Land_Fault_XT,Resolved,60.3,Not Pressed
2026-02-26 23:01:11,ARMGC_214,Spreader_Land_Fault_XT,Occurrence,0,Not Pressed
2026-02-26 23:01:11,ARMGC_214,Spreader_Land_Fault_XT,Occurrence,0,Not Pressed
2026-02-26 23:01:14,ARMGC_214,Spreader_Land_Fault_XT,Resolved,3.1,Not Pressed
2026-02-26 23:01:15,ARMGC_214,Spreader_Land_Fault_XT,Resolved,3.0,Not Pressed
2026-02-26 23:19:11,ARMGC_214,Spreader_Land_Fault_YD,Occurrence,0,Not Pressed
2026-02-26 23:19:12,ARMGC_214,Spreader_Land_Fault_YD,Occurrence,0,Not Pressed
2026-02-26 23:19:33,ARMGC_214,Spreader_Land_Fault_YD,Resolved,21.1,Not Pressed
2026-02-26 23:19:36,ARMGC_214,Spreader_Land_Fault_YD,Resolved,24.2,Not Pressed
2026-02-26 23:27:50,ARMGC_214,Spreader_Land_Fault_YT,Occurrence,0,Not Pressed
2026-02-26 23:27:51,ARMGC_214,Spreader_Land_Fault_YT,Occurrence,0,Not Pressed
2026-02-26 23:28:11,ARMGC_214,Spreader_Land_Fault_YT,Resolved,21.2,Not Pressed
2026-02-26 23:28:12,ARMGC_214,Spreader_Land_Fault_YT,Resolved,21.2,Not Pressed
2026-02-26 23:39:21,ARMGC_214,Spreader_Land_Fault_YT,Occurrence,0,Not Pressed
2026-02-26 23:39:22,ARMGC_214,Spreader_Land_Fault_YT,Occurrence,0,Not Pressed
2026-02-26 23:40:01,ARMGC_214,Spreader_Land_Fault_YT,Resolved,39.3,Not Pressed
2026-02-26 23:40:01,ARMGC_214,Spreader_Land_Fault_YT,Resolved,39.2,Not Pressed
2026-02-27 00:35:25,ARMGC_212,Spreader_Land_Fault_YT,Occurrence,0,Not Pressed
2026-02-27 00:35:26,ARMGC_212,Spreader_Land_Fault_YT,Occurrence,0,Not Pressed
2026-02-27 00:35:27,ARMGC_212,Spreader_Land_Fault_YT,Resolved,2.1,Not Pressed
2026-02-27 00:35:29,ARMGC_212,Spreader_Land_Fault_YT,Resolved,3.0,Not Pressed
2026-02-27 00:41:21,ARMGC_216,SPSS_Trolley_Dir_Not_Clear,Occurrence,0,Not Pressed
2026-02-27 00:41:27,ARMGC_216,SPSS_Trolley_Dir_Not_Clear,Resolved,6.1,Not Pressed
2026-02-27 01:23:59,ARMGC_214,Spreader_Land_Fault_XT,Occurrence,0,Not Pressed
2026-02-27 01:23:59,ARMGC_214,Spreader_Land_Fault_XT,Occurrence,0,Not Pressed
2026-02-27 01:24:02,ARMGC_214,Spreader_Land_Fault_XT,Resolved,3.0,Not Pressed
2026-02-27 01:24:02,ARMGC_214,Spreader_Land_Fault_XT,Resolved,3.0,Not Pressed
2026-02-27 01:55:23,ARMGC_211,Spreader_Land_Fault_YD,Occurrence,0,Not Pressed
2026-02-27 01:55:25,ARMGC_211,Spreader_Land_Fault_YD,Occurrence,0,Not Pressed
2026-02-27 01:55:26,ARMGC_211,Spreader_Land_Fault_YD,Resolved,3.0,Not Pressed
2026-02-27 01:55:28,ARMGC_211,Spreader_Land_Fault_YD,Resolved,3.0,Not Pressed
2026-02-27 05:17:12,ARMGC_212,SPSS_Trolley_Dir_Not_Clear,Occurrence,0,Not Pressed
2026-02-27 05:17:54,ARMGC_212,SPSS_Trolley_Dir_Not_Clear,Resolved,42.3,Not Pressed
2026-02-27 05:23:49,ARMGC_211,SPSS_Trolley_Dir_Not_Clear,Occurrence,0,Not Pressed
2026-02-27 05:24:40,ARMGC_211,SPSS_Trolley_Dir_Not_Clear,Resolved,51.3,Not Pressed
2026-02-27 05:30:07,ARMGC_213,SPSS_Trolley_Dir_Not_Clear,Occurrence,0,Not Pressed
2026-02-27 05:31:55,ARMGC_211,SPSS_Trolley_Dir_Not_Clear,Occurrence,0,Not Pressed
2026-02-27 05:31:59,ARMGC_213,SPSS_Trolley_Dir_Not_Clear,Resolved,111.6,Not Pressed
2026-02-27 05:32:02,ARMGC_213,SPSS_Trolley_Dir_Not_Clear,Occurrence,0,Not Pressed
2026-02-27 05:32:08,ARMGC_213,SPSS_Trolley_Dir_Not_Clear,Resolved,6.1,Not Pressed
2026-02-27 05:33:56,ARMGC_211,SPSS_Trolley_Dir_Not_Clear,Resolved,120.8,Not Pressed
2026-02-27 06:01:27,ARMGC_213,SPSS_Trolley_Dir_Not_Clear,Occurrence,0,Not Pressed
2026-02-27 06:01:45,ARMGC_213,SPSS_Trolley_Dir_Not_Clear,Resolved,18.1,Not Pressed
2026-02-27 06:06:44,ARMGC_213,SPSS_Trolley_Dir_Not_Clear,Occurrence,0,Not Pressed
2026-02-27 06:06:50,ARMGC_213,SPSS_Trolley_Dir_Not_Clear,Resolved,6.1,Not Pressed
2026-02-27 06:11:03,ARMGC_212,SPSS_Trolley_Dir_Not_Clear,Occurrence,0,Not Pressed
2026-02-27 06:11:15,ARMGC_212,SPSS_Trolley_Dir_Not_Clear,Resolved,12.1,Not Pressed
2026-02-27 06:17:27,ARMGC_213,SPSS_Trolley_Dir_Not_Clear,Occurrence,0,Not Pressed
2026-02-27 06:19:39,ARMGC_213,SPSS_Trolley_Dir_Not_Clear,Resolved,132.9,Not Pressed
2026-02-27 06:27:48,ARMGC_214,SPSS_Trolley_Dir_Not_Clear,Occurrence,0,Not Pressed
2026-02-27 06:27:57,ARMGC_214,SPSS_Trolley_Dir_Not_Clear,Resolved,9.2,Not Pressed
2026-02-27 06:43:09,ARMGC_216,SPSS_Trolley_Dir_Not_Clear,Occurrence,0,Not Pressed
2026-02-27 06:43:24,ARMGC_216,SPSS_Trolley_Dir_Not_Clear,Resolved,15.8,Not Pressed
2026-02-27 06:43:56,ARMGC_213,SPSS_Trolley_Dir_Not_Clear,Occurrence,0,Not Pressed
2026-02-27 06:44:34,ARMGC_213,SPSS_Trolley_Dir_Not_Clear,Resolved,38.2,Not Pressed
2026-02-27 07:03:12,ARMGC_216,SPSS_Trolley_Dir_Not_Clear,Occurrence,0,Not Pressed
2026-02-27 07:06:01,ARMGC_216,SPSS_Trolley_Dir_Not_Clear,Resolved,168.9,Not Pressed
2026-02-27 07:11:27,ARMGC_216,SPSS_Trolley_Dir_Not_Clear,Occurrence,0,Not Pressed
2026-02-27 07:12:12,ARMGC_216,SPSS_Trolley_Dir_Not_Clear,Resolved,45.3,Not Pressed
2026-02-27 07:22:24,ARMGC_213,SPSS_Trolley_Dir_Not_Clear,Occurrence,0,Not Pressed
2026-02-27 07:24:24,ARMGC_213,SPSS_Trolley_Dir_Not_Clear,Resolved,120.6,Not Pressed
2026-02-27 07:27:42,ARMGC_216,Spreader_Land_Fault_XT,Occurrence,0,Not Pressed
2026-02-27 07:27:44,ARMGC_216,Spreader_Land_Fault_XT,Occurrence,0,Not Pressed
2026-02-27 07:28:05,ARMGC_216,Spreader_Land_Fault_XT,Resolved,21.1,Not Pressed
2026-02-27 07:28:07,ARMGC_216,Spreader_Land_Fault_XT,Resolved,24.2,Not Pressed
2026-02-27 07:31:06,ARMGC_215,SPSS_Trolley_Dir_Not_Clear,Occurrence,0,Not Pressed
2026-02-27 07:31:15,ARMGC_215,SPSS_Trolley_Dir_Not_Clear,Resolved,9.1,Not Pressed
2026-02-27 07:46:54,ARMGC_211,SPSS_Trolley_Dir_Not_Clear,Occurrence,0,Not Pressed
2026-02-27 07:47:00,ARMGC_211,SPSS_Trolley_Dir_Not_Clear,Resolved,6.1,Not Pressed
2026-02-27 08:05:53,ARMGC_213,SPSS_Trolley_Dir_Not_Clear,Occurrence,0,Not Pressed
2026-02-27 08:05:56,ARMGC_213,SPSS_Trolley_Dir_Not_Clear,Resolved,3.0,Not Pressed
2026-02-27 08:35:58,ARMGC_214,SPSS_Trolley_Dir_Not_Clear,Occurrence,0,Not Pressed
2026-02-27 08:36:05,ARMGC_214,SPSS_Trolley_Dir_Not_Clear,Resolved,6.1,Not Pressed
2026-02-27 08:58:01,ARMGC_214,SPSS_Trolley_Dir_Not_Clear,Occurrence,0,Not Pressed
2026-02-27 08:58:04,ARMGC_214,SPSS_Trolley_Dir_Not_Clear,Resolved,3.1,Not Pressed
2026-02-27 09:18:53,ARMGC_213,SPSS_Trolley_Dir_Not_Clear,Occurrence,0,Not Pressed
2026-02-27 09:19:14,ARMGC_213,SPSS_Trolley_Dir_Not_Clear,Resolved,21.1,Not Pressed
2026-02-27 09:19:59,ARMGC_215,SPSS_Trolley_Dir_Not_Clear,Occurrence,0,Not Pressed
2026-02-27 09:20:05,ARMGC_215,SPSS_Trolley_Dir_Not_Clear,Resolved,6.1,Not Pressed
2026-02-27 09:20:10,ARMGC_214,Spreader_Land_Fault_XT,Occurrence,0,Not Pressed
2026-02-27 09:20:12,ARMGC_214,Spreader_Land_Fault_XT,Occurrence,0,Not Pressed
2026-02-27 09:20:15,ARMGC_214,Spreader_Land_Fault_XT,Resolved,3.0,Not Pressed
2026-02-27 09:20:16,ARMGC_214,Spreader_Land_Fault_XT,Resolved,6.1,Not Pressed
2026-02-27 09:30:17,ARMGC_213,SPSS_Trolley_Dir_Not_Clear,Occurrence,0,Not Pressed
2026-02-27 09:30:27,ARMGC_213,SPSS_Trolley_Dir_Not_Clear,Resolved,9.1,Not Pressed
2026-02-27 09:53:03,ARMGC_212,Spreader_Land_Fault_XT,Occurrence,0,Not Pressed
2026-02-27 09:53:05,ARMGC_212,Spreader_Land_Fault_XT,Occurrence,0,Not Pressed
2026-02-27 09:53:06,ARMGC_212,Spreader_Land_Fault_XT,Occurrence,0,Not Pressed
2026-02-27 09:53:09,ARMGC_212,Spreader_Land_Fault_XT,Resolved,5.2,Not Pressed
2026-02-27 09:53:09,ARMGC_212,Spreader_Land_Fault_XT,Resolved,3.0,Not Pressed
2026-02-27 09:53:11,ARMGC_212,Spreader_Land_Fault_XT,Resolved,6.1,Not Pressed
2026-02-27 09:53:32,ARMGC_214,Spreader_Land_Fault_XT,Occurrence,0,Not Pressed
2026-02-27 09:53:34,ARMGC_214,Spreader_Land_Fault_XT,Occurrence,0,Not Pressed
2026-02-27 09:53:44,ARMGC_214,Spreader_Land_Fault_XT,Resolved,12.1,Not Pressed
2026-02-27 09:53:46,ARMGC_214,Spreader_Land_Fault_XT,Resolved,12.1,Not Pressed
2026-02-27 10:13:16,ARMGC_214,SPSS_Trolley_Dir_Not_Clear,Occurrence,0,Not Pressed
2026-02-27 10:13:40,ARMGC_214,SPSS_Trolley_Dir_Not_Clear,Resolved,24.2,Not Pressed
2026-02-27 10:15:45,ARMGC_215,SPSS_Trolley_Dir_Not_Clear,Occurrence,0,Not Pressed
2026-02-27 10:15:48,ARMGC_215,SPSS_Trolley_Dir_Not_Clear,Resolved,3.1,Not Pressed
2026-02-27 10:33:38,ARMGC_214,SPSS_Trolley_Dir_Not_Clear,Occurrence,0,Not Pressed
2026-02-27 10:34:02,ARMGC_214,SPSS_Trolley_Dir_Not_Clear,Resolved,24.2,Not Pressed
2026-02-27 10:53:07,ARMGC_211,Spreader_Land_Fault_XT,Occurrence,0,Not Pressed
2026-02-27 10:53:07,ARMGC_211,Spreader_Land_Fault_XT,Occurrence,0,Not Pressed
2026-02-27 10:53:25,ARMGC_211,Spreader_Land_Fault_XT,Resolved,18.1,Not Pressed
2026-02-27 10:53:26,ARMGC_211,Spreader_Land_Fault_XT,Resolved,18.2,Not Pressed
2026-02-27 11:59:09,ARMGC_211,SPSS_Trolley_Dir_Not_Clear,Occurrence,0,Not Pressed
2026-02-27 11:59:30,ARMGC_211,SPSS_Trolley_Dir_Not_Clear,Resolved,21.2,Not Pressed
2026-02-27 12:41:34,ARMGC_214,Spreader_Land_Fault_XT,Occurrence,0,Not Pressed
2026-02-27 12:41:35,ARMGC_214,Spreader_Land_Fault_XT,Occurrence,0,Not Pressed
2026-02-27 12:41:41,ARMGC_214,Spreader_Land_Fault_XT,Resolved,6.1,Not Pressed
2026-02-27 12:41:43,ARMGC_214,Spreader_Land_Fault_XT,Resolved,9.1,Not Pressed
2026-02-27 13:11:45,ARMGC_216,Spreader_Land_Fault_YT,Occurrence,0,Not Pressed
2026-02-27 13:11:46,ARMGC_216,Spreader_Land_Fault_YT,Occurrence,0,Not Pressed
2026-02-27 13:11:49,ARMGC_216,Spreader_Land_Fault_YT,Resolved,3.1,Not Pressed
2026-02-27 13:11:51,ARMGC_216,Spreader_Land_Fault_YT,Resolved,6.2,Not Pressed
2026-02-27 13:37:19,ARMGC_212,Spreader_Land_Fault_YT,Occurrence,0,Not Pressed
2026-02-27 13:37:20,ARMGC_212,Spreader_Land_Fault_YT,Occurrence,0,Not Pressed
2026-02-27 13:37:20,ARMGC_212,Spreader_Land_Fault_YT,Occurrence,0,Not Pressed
2026-02-27 13:37:49,ARMGC_212,Spreader_Land_Fault_YT,Resolved,29.6,Not Pressed
2026-02-27 13:37:50,ARMGC_212,Spreader_Land_Fault_YT,Resolved,30.3,Not Pressed
2026-02-27 13:37:50,ARMGC_212,Spreader_Land_Fault_YT,Resolved,30.3,Not Pressed
2026-02-27 14:02:17,ARMGC_214,Spreader_Land_Fault_XT,Occurrence,0,Not Pressed
2026-02-27 14:02:19,ARMGC_214,Spreader_Land_Fault_XT,Occurrence,0,Not Pressed
2026-02-27 14:02:37,ARMGC_214,Spreader_Land_Fault_XT,Resolved,18.1,Not Pressed
2026-02-27 14:02:38,ARMGC_214,Spreader_Land_Fault_XT,Resolved,21.2,Not Pressed
2026-02-27 14:07:05,ARMGC_213,SPSS_Trolley_Dir_Not_Clear,Occurrence,0,Not Pressed
2026-02-27 14:07:23,ARMGC_213,SPSS_Trolley_Dir_Not_Clear,Resolved,18.1,Not Pressed
2026-02-27 14:23:18,ARMGC_214,Spreader_Land_Fault_XT,Occurrence,0,Not Pressed
2026-02-27 14:23:20,ARMGC_214,Spreader_Land_Fault_XT,Occurrence,0,Not Pressed
2026-02-27 14:23:24,ARMGC_214,Spreader_Land_Fault_XT,Resolved,6.1,Not Pressed
2026-02-27 14:23:26,ARMGC_214,Spreader_Land_Fault_XT,Resolved,6.1,Not Pressed
2026-02-27 15:06:53,ARMGC_214,Spreader_Land_Fault_XT,Occurrence,0,Not Pressed
2026-02-27 15:06:53,ARMGC_214,Spreader_Land_Fault_XT,Occurrence,0,Not Pressed
2026-02-27 15:06:56,ARMGC_214,Spreader_Land_Fault_XT,Resolved,3.1,Not Pressed
2026-02-27 15:06:56,ARMGC_214,Spreader_Land_Fault_XT,Resolved,3.1,Not Pressed
2026-02-27 15:10:14,ARMGC_214,Spreader_Land_Fault_XT,Occurrence,0,Not Pressed
2026-02-27 15:10:18,ARMGC_214,Spreader_Land_Fault_XT,Resolved,4.1,Not Pressed
2026-02-27 15:10:18,ARMGC_214,Spreader_Land_Fault_XT,Resolved,4.1,Not Pressed
2026-02-27 15:17:52,ARMGC_214,Spreader_Land_Fault_XT,Occurrence,0,Not Pressed
2026-02-27 15:17:52,ARMGC_214,Spreader_Land_Fault_XT,Occurrence,0,Not Pressed
2026-02-27 15:18:17,ARMGC_214,Spreader_Land_Fault_XT,Resolved,25.4,Not Pressed
2026-02-27 15:18:18,ARMGC_214,Spreader_Land_Fault_XT,Resolved,25.9,Not Pressed
